province;red;green;blue;x;x
1;1;1;1;NAME;x
2;2;1;1;NAME;x
3;3;1;1;NAME;x
4;4;1;1;NAME;x
5;5;1;1;NAME;x
6;6;1;1;NAME;x
7;7;1;1;NAME;x
8;8;1;1;NAME;x
9;9;1;1;NAME;x
10;10;1;1;NAME;x
11;11;1;1;NAME;x
12;12;1;1;NAME;x
13;13;1;1;NAME;x
14;14;1;1;NAME;x
15;15;1;1;NAME;x
16;16;1;1;NAME;x
17;17;1;1;NAME;x
18;18;1;1;NAME;x
19;19;1;1;NAME;x
20;20;1;1;NAME;x
21;21;1;1;NAME;x
22;22;1;1;NAME;x
23;23;1;1;NAME;x
24;24;1;1;NAME;x
25;25;1;1;NAME;x
26;26;1;1;NAME;x
27;27;1;1;NAME;x
28;28;1;1;NAME;x
29;29;1;1;NAME;x
30;30;1;1;NAME;x
31;31;1;1;NAME;x
32;32;1;1;NAME;x
33;33;1;1;NAME;x
34;34;1;1;NAME;x
35;35;1;1;NAME;x
36;36;1;1;NAME;x
37;37;1;1;NAME;x
38;38;1;1;NAME;x
39;39;1;1;NAME;x
40;40;1;1;NAME;x
41;41;1;1;NAME;x
42;42;1;1;NAME;x
43;43;1;1;NAME;x
44;44;1;1;NAME;x
45;45;1;1;NAME;x
46;46;1;1;NAME;x
47;48;1;1;NAME;x
48;49;1;1;NAME;x
49;50;1;1;NAME;x
50;51;1;1;NAME;x
51;52;1;1;NAME;x
52;53;1;1;NAME;x
53;54;1;1;NAME;x
54;55;1;1;NAME;x
55;56;1;1;NAME;x
56;57;1;1;NAME;x
57;58;1;1;NAME;x
58;59;1;1;NAME;x
59;60;1;1;NAME;x
60;61;1;1;NAME;x
61;62;1;1;NAME;x
62;63;1;1;NAME;x
63;64;1;1;NAME;x
64;65;1;1;NAME;x
65;66;1;1;NAME;x
66;67;1;1;NAME;x
67;68;1;1;NAME;x
68;69;1;1;NAME;x
69;70;1;1;NAME;x
70;71;1;1;NAME;x
71;72;1;1;NAME;x
72;73;1;1;NAME;x
73;74;1;1;NAME;x
74;75;1;1;NAME;x
75;76;1;1;NAME;x
76;77;1;1;NAME;x
77;78;1;1;NAME;x
78;79;1;1;NAME;x
79;80;1;1;NAME;x
80;81;1;1;NAME;x
81;82;1;1;NAME;x
82;83;1;1;NAME;x
83;84;1;1;NAME;x
84;85;1;1;NAME;x
85;86;1;1;NAME;x
86;87;1;1;NAME;x
87;88;1;1;NAME;x
88;89;1;1;NAME;x
89;90;1;1;NAME;x
90;91;1;1;NAME;x
91;92;1;1;NAME;x
92;93;1;1;NAME;x
93;94;1;1;NAME;x
94;95;1;1;NAME;x
95;96;1;1;NAME;x
96;97;1;1;NAME;x
97;98;1;1;NAME;x
98;99;1;1;NAME;x
99;100;1;1;NAME;x
100;101;1;1;NAME;x
101;102;1;1;NAME;x
102;103;1;1;NAME;x
103;104;1;1;NAME;x
104;105;1;1;NAME;x
105;106;1;1;NAME;x
106;107;1;1;NAME;x
107;108;1;1;NAME;x
108;109;1;1;NAME;x
109;110;1;1;NAME;x
110;111;1;1;NAME;x
111;112;1;1;NAME;x
112;113;1;1;NAME;x
113;114;1;1;NAME;x
114;115;1;1;NAME;x
115;116;1;1;NAME;x
116;117;1;1;NAME;x
117;118;1;1;NAME;x
118;119;1;1;NAME;x
119;120;1;1;NAME;x
120;121;1;1;NAME;x
121;122;1;1;NAME;x
122;123;1;1;NAME;x
123;124;1;1;NAME;x
124;125;1;1;NAME;x
125;126;1;1;NAME;x
126;127;1;1;NAME;x
127;128;1;1;NAME;x
128;129;1;1;NAME;x
129;130;1;1;NAME;x
130;131;1;1;NAME;x
131;132;1;1;NAME;x
132;133;1;1;NAME;x
133;134;1;1;NAME;x
134;135;1;1;NAME;x
135;136;1;1;NAME;x
136;137;1;1;NAME;x
137;138;1;1;NAME;x
138;139;1;1;NAME;x
139;140;1;1;NAME;x
140;141;1;1;NAME;x
141;142;1;1;NAME;x
142;143;1;1;NAME;x
143;144;1;1;NAME;x
144;145;1;1;NAME;x
145;146;1;1;NAME;x
146;147;1;1;NAME;x
147;148;1;1;NAME;x
148;149;1;1;NAME;x
149;150;1;1;NAME;x
150;151;1;1;NAME;x
151;152;1;1;NAME;x
152;153;1;1;NAME;x
153;154;1;1;NAME;x
154;155;1;1;NAME;x
155;156;1;1;NAME;x
156;157;1;1;NAME;x
157;158;1;1;NAME;x
158;159;1;1;NAME;x
159;160;1;1;NAME;x
160;161;1;1;NAME;x
161;162;1;1;NAME;x
162;163;1;1;NAME;x
163;164;1;1;NAME;x
164;165;1;1;NAME;x
165;166;1;1;NAME;x
166;167;1;1;NAME;x
167;168;1;1;NAME;x
168;169;1;1;NAME;x
169;170;1;1;NAME;x
170;171;1;1;NAME;x
171;172;1;1;NAME;x
172;173;1;1;NAME;x
173;174;1;1;NAME;x
174;175;1;1;NAME;x
175;176;1;1;NAME;x
176;177;1;1;NAME;x
177;178;1;1;NAME;x
178;179;1;1;NAME;x
179;180;1;1;NAME;x
180;181;1;1;NAME;x
181;182;1;1;NAME;x
182;183;1;1;NAME;x
183;184;1;1;NAME;x
184;185;1;1;NAME;x
185;186;1;1;NAME;x
186;187;1;1;NAME;x
187;188;1;1;NAME;x
188;189;1;1;NAME;x
189;190;1;1;NAME;x
190;191;1;1;NAME;x
191;192;1;1;NAME;x
192;193;1;1;NAME;x
193;194;1;1;NAME;x
194;195;1;1;NAME;x
195;196;1;1;NAME;x
196;197;1;1;NAME;x
197;198;1;1;NAME;x
198;199;1;1;NAME;x
199;200;1;1;NAME;x
200;201;1;1;NAME;x
201;202;1;1;NAME;x
202;203;1;1;NAME;x
203;204;1;1;NAME;x
204;205;1;1;NAME;x
205;206;1;1;NAME;x
206;207;1;1;NAME;x
207;208;1;1;NAME;x
208;209;1;1;NAME;x
209;210;1;1;NAME;x
210;211;1;1;NAME;x
211;212;1;1;NAME;x
212;213;1;1;NAME;x
213;214;1;1;NAME;x
214;215;1;1;NAME;x
215;216;1;1;NAME;x
216;217;1;1;NAME;x
217;218;1;1;NAME;x
218;219;1;1;NAME;x
219;220;1;1;NAME;x
220;221;1;1;NAME;x
221;222;1;1;NAME;x
222;223;1;1;NAME;x
223;224;1;1;NAME;x
224;225;1;1;NAME;x
225;226;1;1;NAME;x
226;227;1;1;NAME;x
227;228;1;1;NAME;x
228;229;1;1;NAME;x
229;230;1;1;NAME;x
230;231;1;1;NAME;x
231;232;1;1;NAME;x
232;233;1;1;NAME;x
233;234;1;1;NAME;x
234;235;1;1;NAME;x
235;236;1;1;NAME;x
236;237;1;1;NAME;x
237;238;1;1;NAME;x
238;239;1;1;NAME;x
239;240;1;1;NAME;x
240;241;1;1;NAME;x
241;242;1;1;NAME;x
242;243;1;1;NAME;x
243;244;1;1;NAME;x
244;245;1;1;NAME;x
245;246;1;1;NAME;x
246;247;1;1;NAME;x
247;248;1;1;NAME;x
248;249;1;1;NAME;x
249;250;1;1;NAME;x
250;251;1;1;NAME;x
251;252;1;1;NAME;x
252;254;1;1;NAME;x
253;255;1;1;NAME;x
254;2;2;1;NAME;x
255;3;2;1;NAME;x
256;4;2;1;NAME;x
257;5;2;1;NAME;x
258;6;2;1;NAME;x
259;7;2;1;NAME;x
260;8;2;1;NAME;x
261;9;2;1;NAME;x
262;10;2;1;NAME;x
263;11;2;1;NAME;x
264;12;2;1;NAME;x
265;13;2;1;NAME;x
266;14;2;1;NAME;x
267;15;2;1;NAME;x
268;16;2;1;NAME;x
269;17;2;1;NAME;x
270;18;2;1;NAME;x
271;19;2;1;NAME;x
272;20;2;1;NAME;x
273;21;2;1;NAME;x
274;22;2;1;NAME;x
275;23;2;1;NAME;x
276;24;2;1;NAME;x
277;25;2;1;NAME;x
278;26;2;1;NAME;x
279;27;2;1;NAME;x
280;28;2;1;NAME;x
281;29;2;1;NAME;x
282;30;2;1;NAME;x
283;31;2;1;NAME;x
284;32;2;1;NAME;x
285;33;2;1;NAME;x
286;34;2;1;NAME;x
287;35;2;1;NAME;x
288;36;2;1;NAME;x
289;37;2;1;NAME;x
290;38;2;1;NAME;x
291;39;2;1;NAME;x
292;40;2;1;NAME;x
293;41;2;1;NAME;x
294;42;2;1;NAME;x
295;43;2;1;NAME;x
296;44;2;1;NAME;x
297;45;2;1;NAME;x
298;46;2;1;NAME;x
299;47;2;1;NAME;x
300;48;2;1;NAME;x
301;49;2;1;NAME;x
302;50;2;1;NAME;x
303;51;2;1;NAME;x
304;52;2;1;NAME;x
305;53;2;1;NAME;x
306;54;2;1;NAME;x
307;55;2;1;NAME;x
308;56;2;1;NAME;x
309;57;2;1;NAME;x
310;58;2;1;NAME;x
311;59;2;1;NAME;x
312;60;2;1;NAME;x
313;61;2;1;NAME;x
314;62;2;1;NAME;x
315;63;2;1;NAME;x
316;64;2;1;NAME;x
317;65;2;1;NAME;x
318;66;2;1;NAME;x
319;67;2;1;NAME;x
320;68;2;1;NAME;x
321;69;2;1;NAME;x
322;70;2;1;NAME;x
323;71;2;1;NAME;x
324;72;2;1;NAME;x
325;73;2;1;NAME;x
326;74;2;1;NAME;x
327;75;2;1;NAME;x
328;76;2;1;NAME;x
329;77;2;1;NAME;x
330;78;2;1;NAME;x
331;79;2;1;NAME;x
332;80;2;1;NAME;x
333;81;2;1;NAME;x
334;82;2;1;NAME;x
335;83;2;1;NAME;x
336;84;2;1;NAME;x
337;85;2;1;NAME;x
338;86;2;1;NAME;x
339;87;2;1;NAME;x
340;88;2;1;NAME;x
341;89;2;1;NAME;x
342;90;2;1;NAME;x
343;91;2;1;NAME;x
344;92;2;1;NAME;x
345;93;2;1;NAME;x
346;94;2;1;NAME;x
347;95;2;1;NAME;x
348;96;2;1;NAME;x
349;97;2;1;NAME;x
350;98;2;1;NAME;x
351;99;2;1;NAME;x
352;100;2;1;NAME;x
353;101;2;1;NAME;x
354;102;2;1;NAME;x
355;103;2;1;NAME;x
356;104;2;1;NAME;x
357;105;2;1;NAME;x
358;106;2;1;NAME;x
359;107;2;1;NAME;x
360;108;2;1;NAME;x
361;109;2;1;NAME;x
362;110;2;1;NAME;x
363;111;2;1;NAME;x
364;112;2;1;NAME;x
365;113;2;1;NAME;x
366;114;2;1;NAME;x
367;115;2;1;NAME;x
368;116;2;1;NAME;x
369;117;2;1;NAME;x
370;118;2;1;NAME;x
371;119;2;1;NAME;x
372;120;2;1;NAME;x
373;121;2;1;NAME;x
374;122;2;1;NAME;x
375;123;2;1;NAME;x
376;124;2;1;NAME;x
377;125;2;1;NAME;x
378;126;2;1;NAME;x
379;127;2;1;NAME;x
380;128;2;1;NAME;x
381;129;2;1;NAME;x
382;130;2;1;NAME;x
383;131;2;1;NAME;x
384;132;2;1;NAME;x
385;133;2;1;NAME;x
386;134;2;1;NAME;x
387;135;2;1;NAME;x
388;136;2;1;NAME;x
389;137;2;1;NAME;x
390;138;2;1;NAME;x
391;139;2;1;NAME;x
392;140;2;1;NAME;x
393;141;2;1;NAME;x
394;142;2;1;NAME;x
395;143;2;1;NAME;x
396;144;2;1;NAME;x
397;145;2;1;NAME;x
398;146;2;1;NAME;x
399;147;2;1;NAME;x
400;148;2;1;NAME;x
401;149;2;1;NAME;x
402;150;2;1;NAME;x
403;151;2;1;NAME;x
404;152;2;1;NAME;x
405;153;2;1;NAME;x
406;154;2;1;NAME;x
407;155;2;1;NAME;x
408;156;2;1;NAME;x
409;157;2;1;NAME;x
410;158;2;1;NAME;x
411;159;2;1;NAME;x
412;160;2;1;NAME;x
413;161;2;1;NAME;x
414;162;2;1;NAME;x
415;163;2;1;NAME;x
416;164;2;1;NAME;x
417;165;2;1;NAME;x
418;166;2;1;NAME;x
419;167;2;1;NAME;x
420;168;2;1;NAME;x
421;169;2;1;NAME;x
422;170;2;1;NAME;x
423;171;2;1;NAME;x
424;172;2;1;NAME;x
425;173;2;1;NAME;x
426;174;2;1;NAME;x
427;175;2;1;NAME;x
428;176;2;1;NAME;x
429;177;2;1;NAME;x
430;178;2;1;NAME;x
431;179;2;1;NAME;x
432;180;2;1;NAME;x
433;181;2;1;NAME;x
434;182;2;1;NAME;x
435;183;2;1;NAME;x
436;184;2;1;NAME;x
437;185;2;1;NAME;x
438;186;2;1;NAME;x
439;187;2;1;NAME;x
440;188;2;1;NAME;x
441;189;2;1;NAME;x
442;190;2;1;NAME;x
443;191;2;1;NAME;x
444;192;2;1;NAME;x
445;193;2;1;NAME;x
446;194;2;1;NAME;x
447;195;2;1;NAME;x
448;196;2;1;NAME;x
449;197;2;1;NAME;x
450;198;2;1;NAME;x
451;199;2;1;NAME;x
452;200;2;1;NAME;x
453;201;2;1;NAME;x
454;202;2;1;NAME;x
455;203;2;1;NAME;x
456;204;2;1;NAME;x
457;205;2;1;NAME;x
458;206;2;1;NAME;x
459;207;2;1;NAME;x
460;208;2;1;NAME;x
461;209;2;1;NAME;x
462;210;2;1;NAME;x
463;211;2;1;NAME;x
464;212;2;1;NAME;x
465;213;2;1;NAME;x
466;214;2;1;NAME;x
467;215;2;1;NAME;x
468;217;2;1;NAME;x
469;218;2;1;NAME;x
470;219;2;1;NAME;x
471;220;2;1;NAME;x
472;221;2;1;NAME;x
473;222;2;1;NAME;x
474;223;2;1;NAME;x
475;224;2;1;NAME;x
476;225;2;1;NAME;x
477;226;2;1;NAME;x
478;227;2;1;NAME;x
479;228;2;1;NAME;x
480;229;2;1;NAME;x
481;230;2;1;NAME;x
482;231;2;1;NAME;x
483;232;2;1;NAME;x
484;233;2;1;NAME;x
485;234;2;1;NAME;x
486;235;2;1;NAME;x
487;236;2;1;NAME;x
488;237;2;1;NAME;x
489;238;2;1;NAME;x
490;239;2;1;NAME;x
491;240;2;1;NAME;x
492;241;2;1;NAME;x
493;242;2;1;NAME;x
494;243;2;1;NAME;x
495;244;2;1;NAME;x
496;245;2;1;NAME;x
497;246;2;1;NAME;x
498;247;2;1;NAME;x
499;248;2;1;NAME;x
500;249;2;1;NAME;x
501;250;2;1;NAME;x
502;251;2;1;NAME;x
503;252;2;1;NAME;x
504;253;2;1;NAME;x
505;254;2;1;NAME;x
506;255;2;1;NAME;x
507;2;3;1;NAME;x
508;3;3;1;NAME;x
509;4;3;1;NAME;x
510;5;3;1;NAME;x
511;6;3;1;NAME;x
512;7;3;1;NAME;x
513;8;3;1;NAME;x
514;9;3;1;NAME;x
515;10;3;1;NAME;x
516;11;3;1;NAME;x
517;12;3;1;NAME;x
518;13;3;1;NAME;x
519;14;3;1;NAME;x
520;15;3;1;NAME;x
521;16;3;1;NAME;x
522;17;3;1;NAME;x
523;18;3;1;NAME;x
524;19;3;1;NAME;x
525;20;3;1;NAME;x
526;21;3;1;NAME;x
527;22;3;1;NAME;x
528;23;3;1;NAME;x
529;24;3;1;NAME;x
530;25;3;1;NAME;x
531;26;3;1;NAME;x
532;27;3;1;NAME;x
533;28;3;1;NAME;x
534;29;3;1;NAME;x
535;30;3;1;NAME;x
536;31;3;1;NAME;x
537;32;3;1;NAME;x
538;33;3;1;NAME;x
539;34;3;1;NAME;x
540;35;3;1;NAME;x
541;36;3;1;NAME;x
542;37;3;1;NAME;x
543;38;3;1;NAME;x
544;39;3;1;NAME;x
545;40;3;1;NAME;x
546;41;3;1;NAME;x
547;42;3;1;NAME;x
548;43;3;1;NAME;x
549;44;3;1;NAME;x
550;45;3;1;NAME;x
551;46;3;1;NAME;x
552;47;3;1;NAME;x
553;48;3;1;NAME;x
554;49;3;1;NAME;x
555;50;3;1;NAME;x
556;51;3;1;NAME;x
557;52;3;1;NAME;x
558;53;3;1;NAME;x
559;54;3;1;NAME;x
560;55;3;1;NAME;x
561;56;3;1;NAME;x
562;57;3;1;NAME;x
563;58;3;1;NAME;x
564;59;3;1;NAME;x
565;60;3;1;NAME;x
566;61;3;1;NAME;x
567;62;3;1;NAME;x
568;63;3;1;NAME;x
569;64;3;1;NAME;x
570;65;3;1;NAME;x
571;66;3;1;NAME;x
572;67;3;1;NAME;x
573;68;3;1;NAME;x
574;69;3;1;NAME;x
575;70;3;1;NAME;x
576;71;3;1;NAME;x
577;72;3;1;NAME;x
578;73;3;1;NAME;x
579;74;3;1;NAME;x
580;75;3;1;NAME;x
581;76;3;1;NAME;x
582;77;3;1;NAME;x
583;78;3;1;NAME;x
584;79;3;1;NAME;x
585;80;3;1;NAME;x
586;81;3;1;NAME;x
587;82;3;1;NAME;x
588;83;3;1;NAME;x
589;84;3;1;NAME;x
590;85;3;1;NAME;x
591;86;3;1;NAME;x
592;87;3;1;NAME;x
593;88;3;1;NAME;x
594;89;3;1;NAME;x
595;90;3;1;NAME;x
596;91;3;1;NAME;x
597;93;3;1;NAME;x
598;94;3;1;NAME;x
599;95;3;1;NAME;x
600;96;3;1;NAME;x
601;97;3;1;NAME;x
602;98;3;1;NAME;x
603;99;3;1;NAME;x
604;100;3;1;NAME;x
605;101;3;1;NAME;x
606;102;3;1;NAME;x
607;103;3;1;NAME;x
608;104;3;1;NAME;x
609;105;3;1;NAME;x
610;106;3;1;NAME;x
611;107;3;1;NAME;x
612;108;3;1;NAME;x
613;109;3;1;NAME;x
614;110;3;1;NAME;x
615;111;3;1;NAME;x
616;112;3;1;NAME;x
617;113;3;1;NAME;x
618;114;3;1;NAME;x
619;115;3;1;NAME;x
620;116;3;1;NAME;x
621;117;3;1;NAME;x
622;118;3;1;NAME;x
623;119;3;1;NAME;x
624;120;3;1;NAME;x
625;121;3;1;NAME;x
626;122;3;1;NAME;x
627;123;3;1;NAME;x
628;124;3;1;NAME;x
629;125;3;1;NAME;x
630;126;3;1;NAME;x
631;127;3;1;NAME;x
632;128;3;1;NAME;x
633;129;3;1;NAME;x
634;130;3;1;NAME;x
635;131;3;1;NAME;x
636;132;3;1;NAME;x
637;133;3;1;NAME;x
638;134;3;1;NAME;x
639;135;3;1;NAME;x
640;136;3;1;NAME;x
641;137;3;1;NAME;x
642;138;3;1;NAME;x
643;139;3;1;NAME;x
644;140;3;1;NAME;x
645;141;3;1;NAME;x
646;142;3;1;NAME;x
647;143;3;1;NAME;x
648;144;3;1;NAME;x
649;145;3;1;NAME;x
650;146;3;1;NAME;x
651;147;3;1;NAME;x
652;148;3;1;NAME;x
653;149;3;1;NAME;x
654;150;3;1;NAME;x
655;151;3;1;NAME;x
656;153;3;1;NAME;x
657;155;3;1;NAME;x
658;156;3;1;NAME;x
659;157;3;1;NAME;x
660;158;3;1;NAME;x
661;159;3;1;NAME;x
662;160;3;1;NAME;x
663;161;3;1;NAME;x
664;162;3;1;NAME;x
665;163;3;1;NAME;x
666;164;3;1;NAME;x
667;165;3;1;NAME;x
668;166;3;1;NAME;x
669;168;3;1;NAME;x
670;169;3;1;NAME;x
671;170;3;1;NAME;x
672;171;3;1;NAME;x
673;172;3;1;NAME;x
674;173;3;1;NAME;x
675;174;3;1;NAME;x
676;175;3;1;NAME;x
677;176;3;1;NAME;x
678;177;3;1;NAME;x
679;178;3;1;NAME;x
680;179;3;1;NAME;x
681;180;3;1;NAME;x
682;181;3;1;NAME;x
683;182;3;1;NAME;x
684;183;3;1;NAME;x
685;184;3;1;NAME;x
686;185;3;1;NAME;x
687;186;3;1;NAME;x
688;187;3;1;NAME;x
689;188;3;1;NAME;x
690;189;3;1;NAME;x
691;190;3;1;NAME;x
692;191;3;1;NAME;x
693;192;3;1;NAME;x
694;193;3;1;NAME;x
695;194;3;1;NAME;x
696;195;3;1;NAME;x
697;196;3;1;NAME;x
698;197;3;1;NAME;x
699;198;3;1;NAME;x
700;199;3;1;NAME;x
701;200;3;1;NAME;x
702;201;3;1;NAME;x
703;203;3;1;NAME;x
704;204;3;1;NAME;x
705;205;3;1;NAME;x
706;206;3;1;NAME;x
707;207;3;1;NAME;x
708;208;3;1;NAME;x
709;209;3;1;NAME;x
710;210;3;1;NAME;x
711;211;3;1;NAME;x
712;212;3;1;NAME;x
713;213;3;1;NAME;x
714;214;3;1;NAME;x
715;215;3;1;NAME;x
716;216;3;1;NAME;x
717;217;3;1;NAME;x
718;218;3;1;NAME;x
719;219;3;1;NAME;x
720;220;3;1;NAME;x
721;221;3;1;NAME;x
722;222;3;1;NAME;x
723;223;3;1;NAME;x
724;224;3;1;NAME;x
725;225;3;1;NAME;x
726;226;3;1;NAME;x
727;227;3;1;NAME;x
728;228;3;1;NAME;x
729;229;3;1;NAME;x
730;230;3;1;NAME;x
731;231;3;1;NAME;x
732;232;3;1;NAME;x
733;233;3;1;NAME;x
734;234;3;1;NAME;x
735;235;3;1;NAME;x
736;236;3;1;NAME;x
737;237;3;1;NAME;x
738;238;3;1;NAME;x
739;239;3;1;NAME;x
740;240;3;1;NAME;x
741;242;3;1;NAME;x
742;243;3;1;NAME;x
743;244;3;1;NAME;x
744;245;3;1;NAME;x
745;246;3;1;NAME;x
746;247;3;1;NAME;x
747;248;3;1;NAME;x
748;249;3;1;NAME;x
749;250;3;1;NAME;x
750;251;3;1;NAME;x
751;252;3;1;NAME;x
752;253;3;1;NAME;x
753;254;3;1;NAME;x
754;255;3;1;NAME;x
755;2;4;1;NAME;x
756;3;4;1;NAME;x
757;4;4;1;NAME;x
758;5;4;1;NAME;x
759;6;4;1;NAME;x
760;7;4;1;NAME;x
761;8;4;1;NAME;x
762;9;4;1;NAME;x
763;10;4;1;NAME;x
764;12;4;1;NAME;x
765;13;4;1;NAME;x
766;14;4;1;NAME;x
767;15;4;1;NAME;x
768;16;4;1;NAME;x
769;17;4;1;NAME;x
770;18;4;1;NAME;x
771;19;4;1;NAME;x
772;20;4;1;NAME;x
773;21;4;1;NAME;x
774;22;4;1;NAME;x
775;23;4;1;NAME;x
776;24;4;1;NAME;x
777;25;4;1;NAME;x
778;26;4;1;NAME;x
779;27;4;1;NAME;x
780;28;4;1;NAME;x
781;29;4;1;NAME;x
782;30;4;1;NAME;x
783;31;4;1;NAME;x
784;32;4;1;NAME;x
785;33;4;1;NAME;x
786;34;4;1;NAME;x
787;35;4;1;NAME;x
788;36;4;1;NAME;x
789;37;4;1;NAME;x
790;38;4;1;NAME;x
791;39;4;1;NAME;x
792;40;4;1;NAME;x
793;41;4;1;NAME;x
794;42;4;1;NAME;x
795;43;4;1;NAME;x
796;44;4;1;NAME;x
797;45;4;1;NAME;x
798;46;4;1;NAME;x
799;47;4;1;NAME;x
800;48;4;1;NAME;x
801;49;4;1;NAME;x
802;50;4;1;NAME;x
803;51;4;1;NAME;x
804;52;4;1;NAME;x
805;53;4;1;NAME;x
806;54;4;1;NAME;x
807;55;4;1;NAME;x
808;56;4;1;NAME;x
809;57;4;1;NAME;x
810;58;4;1;NAME;x
811;59;4;1;NAME;x
812;60;4;1;NAME;x
813;61;4;1;NAME;x
814;62;4;1;NAME;x
815;63;4;1;NAME;x
816;64;4;1;NAME;x
817;65;4;1;NAME;x
818;66;4;1;NAME;x
819;67;4;1;NAME;x
820;68;4;1;NAME;x
821;69;4;1;NAME;x
822;70;4;1;NAME;x
823;71;4;1;NAME;x
824;72;4;1;NAME;x
825;73;4;1;NAME;x
826;74;4;1;NAME;x
827;75;4;1;NAME;x
828;76;4;1;NAME;x
829;77;4;1;NAME;x
830;78;4;1;NAME;x
831;79;4;1;NAME;x
832;80;4;1;NAME;x
833;81;4;1;NAME;x
834;82;4;1;NAME;x
835;83;4;1;NAME;x
836;84;4;1;NAME;x
837;85;4;1;NAME;x
838;86;4;1;NAME;x
839;87;4;1;NAME;x
840;88;4;1;NAME;x
841;89;4;1;NAME;x
842;90;4;1;NAME;x
843;91;4;1;NAME;x
844;92;4;1;NAME;x
845;93;4;1;NAME;x
846;94;4;1;NAME;x
847;95;4;1;NAME;x
848;96;4;1;NAME;x
849;97;4;1;NAME;x
850;98;4;1;NAME;x
851;99;4;1;NAME;x
852;100;4;1;NAME;x
853;101;4;1;NAME;x
854;102;4;1;NAME;x
855;103;4;1;NAME;x
856;104;4;1;NAME;x
857;105;4;1;NAME;x
858;106;4;1;NAME;x
859;107;4;1;NAME;x
860;108;4;1;NAME;x
861;109;4;1;NAME;x
862;110;4;1;NAME;x
863;111;4;1;NAME;x
864;112;4;1;NAME;x
865;113;4;1;NAME;x
866;114;4;1;NAME;x
867;115;4;1;NAME;x
868;116;4;1;NAME;x
869;117;4;1;NAME;x
870;118;4;1;NAME;x
871;119;4;1;NAME;x
872;120;4;1;NAME;x
873;122;4;1;NAME;x
874;123;4;1;NAME;x
875;124;4;1;NAME;x
876;125;4;1;NAME;x
877;126;4;1;NAME;x
878;127;4;1;NAME;x
879;128;4;1;NAME;x
880;129;4;1;NAME;x
881;130;4;1;NAME;x
882;131;4;1;NAME;x
883;132;4;1;NAME;x
884;133;4;1;NAME;x
885;134;4;1;NAME;x
886;135;4;1;NAME;x
887;136;4;1;NAME;x
888;137;4;1;NAME;x
889;138;4;1;NAME;x
890;139;4;1;NAME;x
891;140;4;1;NAME;x
892;141;4;1;NAME;x
893;142;4;1;NAME;x
894;143;4;1;NAME;x
895;144;4;1;NAME;x
896;145;4;1;NAME;x
897;146;4;1;NAME;x
898;147;4;1;NAME;x
899;148;4;1;NAME;x
900;149;4;1;NAME;x
901;150;4;1;NAME;x
902;151;4;1;NAME;x
903;152;4;1;NAME;x
904;153;4;1;NAME;x
905;154;4;1;NAME;x
906;155;4;1;NAME;x
907;156;4;1;NAME;x
908;157;4;1;NAME;x
909;158;4;1;NAME;x
910;159;4;1;NAME;x
911;160;4;1;NAME;x
912;161;4;1;NAME;x
913;162;4;1;NAME;x
914;163;4;1;NAME;x
915;164;4;1;NAME;x
916;165;4;1;NAME;x
917;166;4;1;NAME;x
918;167;4;1;NAME;x
919;168;4;1;NAME;x
920;169;4;1;NAME;x
921;170;4;1;NAME;x
922;171;4;1;NAME;x
923;172;4;1;NAME;x
924;173;4;1;NAME;x
925;174;4;1;NAME;x
926;175;4;1;NAME;x
927;176;4;1;NAME;x
928;177;4;1;NAME;x
929;178;4;1;NAME;x
930;179;4;1;NAME;x
931;180;4;1;NAME;x
932;181;4;1;NAME;x
933;182;4;1;NAME;x
934;183;4;1;NAME;x
935;184;4;1;NAME;x
936;185;4;1;NAME;x
937;186;4;1;NAME;x
938;187;4;1;NAME;x
939;188;4;1;NAME;x
940;189;4;1;NAME;x
941;190;4;1;NAME;x
942;191;4;1;NAME;x
943;192;4;1;NAME;x
944;193;4;1;NAME;x
945;194;4;1;NAME;x
946;195;4;1;NAME;x
947;196;4;1;NAME;x
948;197;4;1;NAME;x
949;198;4;1;NAME;x
950;199;4;1;NAME;x
951;200;4;1;NAME;x
952;201;4;1;NAME;x
953;203;4;1;NAME;x
954;204;4;1;NAME;x
955;206;4;1;NAME;x
956;207;4;1;NAME;x
957;208;4;1;NAME;x
958;209;4;1;NAME;x
959;210;4;1;NAME;x
960;211;4;1;NAME;x
961;212;4;1;NAME;x
962;213;4;1;NAME;x
963;214;4;1;NAME;x
964;215;4;1;NAME;x
965;216;4;1;NAME;x
966;217;4;1;NAME;x
967;218;4;1;NAME;x
968;219;4;1;NAME;x
969;220;4;1;NAME;x
970;221;4;1;NAME;x
971;222;4;1;NAME;x
972;223;4;1;NAME;x
973;224;4;1;NAME;x
974;225;4;1;NAME;x
975;226;4;1;NAME;x
976;227;4;1;NAME;x
977;228;4;1;NAME;x
978;229;4;1;NAME;x
979;230;4;1;NAME;x
980;232;4;1;NAME;x
981;233;4;1;NAME;x
982;234;4;1;NAME;x
983;235;4;1;NAME;x
984;236;4;1;NAME;x
985;237;4;1;NAME;x
986;238;4;1;NAME;x
987;239;4;1;NAME;x
988;240;4;1;NAME;x
989;241;4;1;NAME;x
990;242;4;1;NAME;x
991;243;4;1;NAME;x
992;244;4;1;NAME;x
993;245;4;1;NAME;x
994;246;4;1;NAME;x
995;247;4;1;NAME;x
996;248;4;1;NAME;x
997;249;4;1;NAME;x
998;250;4;1;NAME;x
999;251;4;1;NAME;x
1000;252;4;1;NAME;x
1001;253;4;1;NAME;x
1002;254;4;1;NAME;x
1003;255;4;1;NAME;x
1004;2;5;1;NAME;x
1005;3;5;1;NAME;x
1006;4;5;1;NAME;x
1007;5;5;1;NAME;x
1008;6;5;1;NAME;x
1009;7;5;1;NAME;x
1010;8;5;1;NAME;x
1011;9;5;1;NAME;x
1012;10;5;1;NAME;x
1013;11;5;1;NAME;x
1014;12;5;1;NAME;x
1015;15;5;1;NAME;x
1016;16;5;1;NAME;x
1017;17;5;1;NAME;x
1018;18;5;1;NAME;x
1019;19;5;1;NAME;x
1020;20;5;1;NAME;x
1021;21;5;1;NAME;x
1022;22;5;1;NAME;x
1023;23;5;1;NAME;x
1024;24;5;1;NAME;x
1025;25;5;1;NAME;x
1026;26;5;1;NAME;x
1027;27;5;1;NAME;x
1028;28;5;1;NAME;x
1029;29;5;1;NAME;x
1030;30;5;1;NAME;x
1031;31;5;1;NAME;x
1032;32;5;1;NAME;x
1033;34;5;1;NAME;x
1034;35;5;1;NAME;x
1035;36;5;1;NAME;x
1036;37;5;1;NAME;x
1037;38;5;1;NAME;x
1038;39;5;1;NAME;x
1039;40;5;1;NAME;x
1040;41;5;1;NAME;x
1041;42;5;1;NAME;x
1042;43;5;1;NAME;x
1043;44;5;1;NAME;x
1044;45;5;1;NAME;x
1045;46;5;1;NAME;x
1046;47;5;1;NAME;x
1047;48;5;1;NAME;x
1048;50;5;1;NAME;x
1049;51;5;1;NAME;x
1050;52;5;1;NAME;x
1051;54;5;1;NAME;x
1052;55;5;1;NAME;x
1053;56;5;1;NAME;x
1054;57;5;1;NAME;x
1055;58;5;1;NAME;x
1056;59;5;1;NAME;x
1057;60;5;1;NAME;x
1058;61;5;1;NAME;x
1059;62;5;1;NAME;x
1060;63;5;1;NAME;x
1061;64;5;1;NAME;x
1062;65;5;1;NAME;x
1063;66;5;1;NAME;x
1064;67;5;1;NAME;x
1065;68;5;1;NAME;x
1066;69;5;1;NAME;x
1067;70;5;1;NAME;x
1068;71;5;1;NAME;x
1069;72;5;1;NAME;x
1070;73;5;1;NAME;x
1071;75;5;1;NAME;x
1072;76;5;1;NAME;x
1073;77;5;1;NAME;x
1074;78;5;1;NAME;x
1075;79;5;1;NAME;x
1076;80;5;1;NAME;x
1077;81;5;1;NAME;x
1078;82;5;1;NAME;x
1079;83;5;1;NAME;x
1080;84;5;1;NAME;x
1081;85;5;1;NAME;x
1082;86;5;1;NAME;x
1083;87;5;1;NAME;x
1084;88;5;1;NAME;x
1085;90;5;1;NAME;x
1086;91;5;1;NAME;x
1087;92;5;1;NAME;x
1088;93;5;1;NAME;x
1089;94;5;1;NAME;x
1090;95;5;1;NAME;x
1091;96;5;1;NAME;x
1092;97;5;1;NAME;x
1093;98;5;1;NAME;x
1094;99;5;1;NAME;x
1095;100;5;1;NAME;x
1096;101;5;1;NAME;x
1097;102;5;1;NAME;x
1098;103;5;1;NAME;x
1099;104;5;1;NAME;x
1100;105;5;1;NAME;x
1101;106;5;1;NAME;x
1102;107;5;1;NAME;x
1103;108;5;1;NAME;x
1104;109;5;1;NAME;x
1105;110;5;1;NAME;x
1106;111;5;1;NAME;x
1107;112;5;1;NAME;x
1108;113;5;1;NAME;x
1109;114;5;1;NAME;x
1110;115;5;1;NAME;x
1111;116;5;1;NAME;x
1112;117;5;1;NAME;x
1113;118;5;1;NAME;x
1114;119;5;1;NAME;x
1115;120;5;1;NAME;x
1116;122;5;1;NAME;x
1117;123;5;1;NAME;x
1118;124;5;1;NAME;x
1119;125;5;1;NAME;x
1120;127;5;1;NAME;x
1121;128;5;1;NAME;x
1122;129;5;1;NAME;x
1123;130;5;1;NAME;x
1124;132;5;1;NAME;x
1125;133;5;1;NAME;x
1126;134;5;1;NAME;x
1127;135;5;1;NAME;x
1128;136;5;1;NAME;x
1129;137;5;1;NAME;x
1130;138;5;1;NAME;x
1131;139;5;1;NAME;x
1132;140;5;1;NAME;x
1133;141;5;1;NAME;x
1134;142;5;1;NAME;x
1135;143;5;1;NAME;x
1136;144;5;1;NAME;x
1137;145;5;1;NAME;x
1138;146;5;1;NAME;x
1139;147;5;1;NAME;x
1140;148;5;1;NAME;x
1141;149;5;1;NAME;x
1142;150;5;1;NAME;x
1143;151;5;1;NAME;x
1144;152;5;1;NAME;x
1145;153;5;1;NAME;x
1146;154;5;1;NAME;x
1147;155;5;1;NAME;x
1148;156;5;1;NAME;x
1149;157;5;1;NAME;x
1150;158;5;1;NAME;x
1151;159;5;1;NAME;x
1152;160;5;1;NAME;x
1153;162;5;1;NAME;x
1154;163;5;1;NAME;x
1155;164;5;1;NAME;x
1156;165;5;1;NAME;x
1157;166;5;1;NAME;x
1158;167;5;1;NAME;x
1159;168;5;1;NAME;x
1160;169;5;1;NAME;x
1161;170;5;1;NAME;x
1162;171;5;1;NAME;x
1163;172;5;1;NAME;x
1164;173;5;1;NAME;x
1165;174;5;1;NAME;x
1166;175;5;1;NAME;x
1167;176;5;1;NAME;x
1168;177;5;1;NAME;x
1169;179;5;1;NAME;x
1170;180;5;1;NAME;x
1171;181;5;1;NAME;x
1172;182;5;1;NAME;x
1173;183;5;1;NAME;x
1174;184;5;1;NAME;x
1175;185;5;1;NAME;x
1176;186;5;1;NAME;x
1177;187;5;1;NAME;x
1178;188;5;1;NAME;x
1179;189;5;1;NAME;x
1180;190;5;1;NAME;x
1181;191;5;1;NAME;x
1182;192;5;1;NAME;x
1183;193;5;1;NAME;x
1184;194;5;1;NAME;x
1185;195;5;1;NAME;x
1186;196;5;1;NAME;x
1187;197;5;1;NAME;x
1188;198;5;1;NAME;x
1189;199;5;1;NAME;x
1190;200;5;1;NAME;x
1191;201;5;1;NAME;x
1192;202;5;1;NAME;x
1193;203;5;1;NAME;x
1194;204;5;1;NAME;x
1195;205;5;1;NAME;x
1196;206;5;1;NAME;x
1197;208;5;1;NAME;x
1198;209;5;1;NAME;x
1199;210;5;1;NAME;x
1200;212;5;1;NAME;x
1201;213;5;1;NAME;x
1202;214;5;1;NAME;x
1203;215;5;1;NAME;x
1204;216;5;1;NAME;x
1205;218;5;1;NAME;x
1206;219;5;1;NAME;x
1207;220;5;1;NAME;x
1208;222;5;1;NAME;x
1209;223;5;1;NAME;x
1210;224;5;1;NAME;x
1211;225;5;1;NAME;x
1212;226;5;1;NAME;x
1213;227;5;1;NAME;x
1214;228;5;1;NAME;x
1215;230;5;1;NAME;x
1216;231;5;1;NAME;x
1217;232;5;1;NAME;x
1218;233;5;1;NAME;x
1219;234;5;1;NAME;x
1220;235;5;1;NAME;x
1221;236;5;1;NAME;x
1222;237;5;1;NAME;x
1223;238;5;1;NAME;x
1224;239;5;1;NAME;x
1225;240;5;1;NAME;x
1226;241;5;1;NAME;x
1227;242;5;1;NAME;x
1228;243;5;1;NAME;x
1229;244;5;1;NAME;x
1230;245;5;1;NAME;x
1231;246;5;1;NAME;x
1232;247;5;1;NAME;x
1233;248;5;1;NAME;x
1234;249;5;1;NAME;x
1235;250;5;1;NAME;x
1236;251;5;1;NAME;x
1237;252;5;1;NAME;x
1238;254;5;1;NAME;x
1239;2;6;1;NAME;x
1240;3;6;1;NAME;x
1241;4;6;1;NAME;x
1242;5;6;1;NAME;x
1243;6;6;1;NAME;x
1244;7;6;1;NAME;x
1245;8;6;1;NAME;x
1246;9;6;1;NAME;x
1247;10;6;1;NAME;x
1248;11;6;1;NAME;x
1249;12;6;1;NAME;x
1250;13;6;1;NAME;x
1251;14;6;1;NAME;x
1252;15;6;1;NAME;x
1253;16;6;1;NAME;x
1254;17;6;1;NAME;x
1255;18;6;1;NAME;x
1256;19;6;1;NAME;x
1257;20;6;1;NAME;x
1258;21;6;1;NAME;x
1259;22;6;1;NAME;x
1260;23;6;1;NAME;x
1261;24;6;1;NAME;x
1262;25;6;1;NAME;x
1263;26;6;1;NAME;x
1264;27;6;1;NAME;x
1265;28;6;1;NAME;x
1266;29;6;1;NAME;x
1267;30;6;1;NAME;x
1268;31;6;1;NAME;x
1269;32;6;1;NAME;x
1270;33;6;1;NAME;x
1271;34;6;1;NAME;x
1272;35;6;1;NAME;x
1273;36;6;1;NAME;x
1274;37;6;1;NAME;x
1275;38;6;1;NAME;x
1276;39;6;1;NAME;x
1277;40;6;1;NAME;x
1278;42;6;1;NAME;x
1279;43;6;1;NAME;x
1280;44;6;1;NAME;x
1281;45;6;1;NAME;x
1282;46;6;1;NAME;x
1283;47;6;1;NAME;x
1284;48;6;1;NAME;x
1285;49;6;1;NAME;x
1286;50;6;1;NAME;x
1287;51;6;1;NAME;x
1288;52;6;1;NAME;x
1289;54;6;1;NAME;x
1290;55;6;1;NAME;x
1291;56;6;1;NAME;x
1292;57;6;1;NAME;x
1293;58;6;1;NAME;x
1294;59;6;1;NAME;x
1295;60;6;1;NAME;x
1296;61;6;1;NAME;x
1297;62;6;1;NAME;x
1298;63;6;1;NAME;x
1299;64;6;1;NAME;x
1300;65;6;1;NAME;x
1301;66;6;1;NAME;x
1302;67;6;1;NAME;x
1303;68;6;1;NAME;x
1304;69;6;1;NAME;x
1305;70;6;1;NAME;x
1306;71;6;1;NAME;x
1307;72;6;1;NAME;x
1308;73;6;1;NAME;x
1309;74;6;1;NAME;x
1310;75;6;1;NAME;x
1311;76;6;1;NAME;x
1312;77;6;1;NAME;x
1313;78;6;1;NAME;x
1314;79;6;1;NAME;x
1315;80;6;1;NAME;x
1316;81;6;1;NAME;x
1317;82;6;1;NAME;x
1318;83;6;1;NAME;x
1319;84;6;1;NAME;x
1320;85;6;1;NAME;x
1321;86;6;1;NAME;x
1322;87;6;1;NAME;x
1323;88;6;1;NAME;x
1324;89;6;1;NAME;x
1325;90;6;1;NAME;x
1326;91;6;1;NAME;x
1327;92;6;1;NAME;x
1328;93;6;1;NAME;x
1329;94;6;1;NAME;x
1330;95;6;1;NAME;x
1331;96;6;1;NAME;x
1332;97;6;1;NAME;x
1333;98;6;1;NAME;x
1334;99;6;1;NAME;x
1335;100;6;1;NAME;x
1336;101;6;1;NAME;x
1337;102;6;1;NAME;x
1338;103;6;1;NAME;x
1339;104;6;1;NAME;x
1340;105;6;1;NAME;x
1341;107;6;1;NAME;x
1342;108;6;1;NAME;x
1343;109;6;1;NAME;x
1344;110;6;1;NAME;x
1345;111;6;1;NAME;x
1346;112;6;1;NAME;x
1347;113;6;1;NAME;x
1348;114;6;1;NAME;x
1349;116;6;1;NAME;x
1350;117;6;1;NAME;x
1351;118;6;1;NAME;x
1352;119;6;1;NAME;x
1353;120;6;1;NAME;x
1354;121;6;1;NAME;x
1355;122;6;1;NAME;x
1356;123;6;1;NAME;x
1357;125;6;1;NAME;x
1358;127;6;1;NAME;x
1359;128;6;1;NAME;x
1360;131;6;1;NAME;x
1361;132;6;1;NAME;x
1362;133;6;1;NAME;x
1363;134;6;1;NAME;x
1364;135;6;1;NAME;x
1365;136;6;1;NAME;x
1366;137;6;1;NAME;x
1367;138;6;1;NAME;x
1368;1;1;255;NAME;x
1369;2;1;255;NAME;x
1370;3;1;255;NAME;x
1371;4;1;255;NAME;x
1372;5;1;255;NAME;x
1373;6;1;255;NAME;x
1374;7;1;255;NAME;x
1375;8;1;255;NAME;x
1376;9;1;255;NAME;x
1377;10;1;255;NAME;x
1378;11;1;255;NAME;x
1379;12;1;255;NAME;x
1380;13;1;255;NAME;x
1381;14;1;255;NAME;x
1382;15;1;255;NAME;x
1383;16;1;255;NAME;x
1384;17;1;255;NAME;x
1385;18;1;255;NAME;x
1386;19;1;255;NAME;x
1387;20;1;255;NAME;x
1388;21;1;255;NAME;x
1389;22;1;255;NAME;x
1390;23;1;255;NAME;x
1391;24;1;255;NAME;x
1392;25;1;255;NAME;x
1393;26;1;255;NAME;x
1394;27;1;255;NAME;x
1395;28;1;255;NAME;x
1396;29;1;255;NAME;x
1397;30;1;255;NAME;x
1398;31;1;255;NAME;x
1399;32;1;255;NAME;x
1400;33;1;255;NAME;x
1401;34;1;255;NAME;x
1402;35;1;255;NAME;x
1403;36;1;255;NAME;x
1404;37;1;255;NAME;x
1405;38;1;255;NAME;x
1406;39;1;255;NAME;x
1407;40;1;255;NAME;x
1408;41;1;255;NAME;x
1409;42;1;255;NAME;x
1410;43;1;255;NAME;x
1411;44;1;255;NAME;x
1412;45;1;255;NAME;x
1413;46;1;255;NAME;x
1414;47;1;255;NAME;x
1415;48;1;255;NAME;x
1416;49;1;255;NAME;x
1417;50;1;255;NAME;x
1418;51;1;255;NAME;x
1419;52;1;255;NAME;x
1420;53;1;255;NAME;x
1421;54;1;255;NAME;x
1422;55;1;255;NAME;x
1423;56;1;255;NAME;x
1424;57;1;255;NAME;x
1425;58;1;255;NAME;x
1426;59;1;255;NAME;x
1427;60;1;255;NAME;x
1428;61;1;255;NAME;x
1429;62;1;255;NAME;x
1430;63;1;255;NAME;x
1431;64;1;255;NAME;x
1432;65;1;255;NAME;x
1433;66;1;255;NAME;x
1434;67;1;255;NAME;x
1435;68;1;255;NAME;x
1436;69;1;255;NAME;x
1437;70;1;255;NAME;x
1438;71;1;255;NAME;x
1439;72;1;255;NAME;x
1440;73;1;255;NAME;x
1441;74;1;255;NAME;x
1442;75;1;255;NAME;x
1443;76;1;255;NAME;x
1444;77;1;255;NAME;x
1445;78;1;255;NAME;x
1446;79;1;255;NAME;x
1447;80;1;255;NAME;x
1448;81;1;255;NAME;x
1449;82;1;255;NAME;x
1450;83;1;255;NAME;x
1451;84;1;255;NAME;x
1452;85;1;255;NAME;x
1453;86;1;255;NAME;x
1454;87;1;255;NAME;x
1455;88;1;255;NAME;x
1456;89;1;255;NAME;x
1457;90;1;255;NAME;x
1458;91;1;255;NAME;x
1459;92;1;255;NAME;x
1460;93;1;255;NAME;x
1461;94;1;255;NAME;x
1462;95;1;255;NAME;x
1463;96;1;255;NAME;x
1464;97;1;255;NAME;x
1465;98;1;255;NAME;x
1466;99;1;255;NAME;x
1467;100;1;255;NAME;x
1468;101;1;255;NAME;x
1469;102;1;255;NAME;x
1470;103;1;255;NAME;x
1471;104;1;255;NAME;x
1472;105;1;255;NAME;x
1473;106;1;255;NAME;x
1474;107;1;255;NAME;x
1475;108;1;255;NAME;x
1476;109;1;255;NAME;x
1477;110;1;255;NAME;x
1478;111;1;255;NAME;x
1479;112;1;255;NAME;x
1480;113;1;255;NAME;x
1481;114;1;255;NAME;x
1482;115;1;255;NAME;x
1483;116;1;255;NAME;x
1484;117;1;255;NAME;x
1485;118;1;255;NAME;x
1486;119;1;255;NAME;x
1487;120;1;255;NAME;x
1488;121;1;255;NAME;x
1489;122;1;255;NAME;x
1490;123;1;255;NAME;x
1491;124;1;255;NAME;x
1492;125;1;255;NAME;x
1493;126;1;255;NAME;x
1494;127;1;255;NAME;x
1495;128;1;255;NAME;x
1496;129;1;255;NAME;x
1497;130;1;255;NAME;x
1498;131;1;255;NAME;x
1499;132;1;255;NAME;x
1500;133;1;255;NAME;x
1501;134;1;255;NAME;x
1502;135;1;255;NAME;x
1503;136;1;255;NAME;x
1504;137;1;255;NAME;x
1505;138;1;255;NAME;x
1506;139;1;255;NAME;x
1507;140;1;255;NAME;x
1508;141;1;255;NAME;x
1509;142;1;255;NAME;x
1510;143;1;255;NAME;x
1511;144;1;255;NAME;x
1512;145;1;255;NAME;x
1513;146;1;255;NAME;x
1514;147;1;255;NAME;x
1515;148;1;255;NAME;x
1516;149;1;255;NAME;x
1517;150;1;255;NAME;x
1518;151;1;255;NAME;x
1519;152;1;255;NAME;x
1520;153;1;255;NAME;x
1521;154;1;255;NAME;x
1522;155;1;255;NAME;x
1523;156;1;255;NAME;x
1524;157;1;255;NAME;x
1525;158;1;255;NAME;x
1526;159;1;255;NAME;x
1527;160;1;255;NAME;x
1528;161;1;255;NAME;x
1529;162;1;255;NAME;x
1530;163;1;255;NAME;x
1531;164;1;255;NAME;x
1532;165;1;255;NAME;x
1533;166;1;255;NAME;x
1534;167;1;255;NAME;x
1535;168;1;255;NAME;x
1536;169;1;255;NAME;x
1537;170;1;255;NAME;x
1538;171;1;255;NAME;x
1539;172;1;255;NAME;x
1540;173;1;255;NAME;x
1541;174;1;255;NAME;x
1542;175;1;255;NAME;x
1543;176;1;255;NAME;x
1544;177;1;255;NAME;x
1545;178;1;255;NAME;x
1546;179;1;255;NAME;x
1547;180;1;255;NAME;x
1548;181;1;255;NAME;x
1549;182;1;255;NAME;x
1550;183;1;255;NAME;x
1551;184;1;255;NAME;x
1552;185;1;255;NAME;x
1553;186;1;255;NAME;x
1554;187;1;255;NAME;x
1555;188;1;255;NAME;x
1556;189;1;255;NAME;x
1557;190;1;255;NAME;x
1558;191;1;255;NAME;x
1559;192;1;255;NAME;x
1560;193;1;255;NAME;x
1561;194;1;255;NAME;x
1562;195;1;255;NAME;x
1563;196;1;255;NAME;x
1564;197;1;255;NAME;x
1565;198;1;255;NAME;x
1566;199;1;255;NAME;x
1567;200;1;255;NAME;x
1568;201;1;255;NAME;x
1569;202;1;255;NAME;x
1570;203;1;255;NAME;x
1571;204;1;255;NAME;x
1572;205;1;255;NAME;x
1573;206;1;255;NAME;x
1574;207;1;255;NAME;x
1575;208;1;255;NAME;x
1576;209;1;255;NAME;x
1577;210;1;255;NAME;x
1578;211;1;255;NAME;x
1579;212;1;255;NAME;x
1580;213;1;255;NAME;x
1581;214;1;255;NAME;x
1582;215;1;255;NAME;x
1583;216;1;255;NAME;x
1584;217;1;255;NAME;x
1585;218;1;255;NAME;x
1586;219;1;255;NAME;x
1587;220;1;255;NAME;x
1588;221;1;255;NAME;x
1589;222;1;255;NAME;x
1590;223;1;255;NAME;x
1591;224;1;255;NAME;x
1592;225;1;255;NAME;x
1593;226;1;255;NAME;x
1594;227;1;255;NAME;x
1595;228;1;255;NAME;x
1596;229;1;255;NAME;x
1597;230;1;255;NAME;x
1598;231;1;255;NAME;x
1599;232;1;255;NAME;x
1600;233;1;255;NAME;x
1601;234;1;255;NAME;x
1602;235;1;255;NAME;x
1603;236;1;255;NAME;x
1604;237;1;255;NAME;x
1605;238;1;255;NAME;x
1606;239;1;255;NAME;x
1607;240;1;255;NAME;x
1608;241;1;255;NAME;x
1609;242;1;255;NAME;x
1610;243;1;255;NAME;x
1611;244;1;255;NAME;x
1612;245;1;255;NAME;x
1613;246;1;255;NAME;x
1614;247;1;255;NAME;x
1615;248;1;255;NAME;x
1616;249;1;255;NAME;x
1617;250;1;255;NAME;x
1618;251;1;255;NAME;x
1619;252;1;255;NAME;x
1620;253;1;255;NAME;x
1621;254;1;255;NAME;x
1622;255;1;255;NAME;x
1623;2;2;255;NAME;x
1624;3;2;255;NAME;x
1625;4;2;255;NAME;x
1626;5;2;255;NAME;x
1627;6;2;255;NAME;x
1628;7;2;255;NAME;x
1629;8;2;255;NAME;x
1630;9;2;255;NAME;x
1631;10;2;255;NAME;x
1632;11;2;255;NAME;x
1633;12;2;255;NAME;x
1634;13;2;255;NAME;x
1635;14;2;255;NAME;x
1636;15;2;255;NAME;x
1637;16;2;255;NAME;x
1638;17;2;255;NAME;x
1639;18;2;255;NAME;x
1640;19;2;255;NAME;x
1641;20;2;255;NAME;x
1642;21;2;255;NAME;x
1643;22;2;255;NAME;x
1644;23;2;255;NAME;x
1645;24;2;255;NAME;x
1646;25;2;255;NAME;x
1647;26;2;255;NAME;x
1648;27;2;255;NAME;x
1649;28;2;255;NAME;x
1650;29;2;255;NAME;x
1651;30;2;255;NAME;x
1652;31;2;255;NAME;x
1653;32;2;255;NAME;x
1654;33;2;255;NAME;x
1655;34;2;255;NAME;x
1656;36;2;255;NAME;x
1657;37;2;255;NAME;x
1658;38;2;255;NAME;x
1659;39;2;255;NAME;x
1660;40;2;255;NAME;x
1661;41;2;255;NAME;x
1662;42;2;255;NAME;x
1663;43;2;255;NAME;x
1664;44;2;255;NAME;x
1665;45;2;255;NAME;x
1666;46;2;255;NAME;x
1667;47;2;255;NAME;x
1668;48;2;255;NAME;x
1669;49;2;255;NAME;x
1670;50;2;255;NAME;x
1671;51;2;255;NAME;x
1672;52;2;255;NAME;x
1673;53;2;255;NAME;x
1674;54;2;255;NAME;x
1675;55;2;255;NAME;x
1676;56;2;255;NAME;x
1677;57;2;255;NAME;x
1678;58;2;255;NAME;x
1679;59;2;255;NAME;x
1680;60;2;255;NAME;x
1681;61;2;255;NAME;x
1682;62;2;255;NAME;x
1683;63;2;255;NAME;x
1684;64;2;255;NAME;x
1685;65;2;255;NAME;x
1686;66;2;255;NAME;x
1687;67;2;255;NAME;x
1688;68;2;255;NAME;x
1689;69;2;255;NAME;x
1690;70;2;255;NAME;x
1691;71;2;255;NAME;x
1692;72;2;255;NAME;x
1693;73;2;255;NAME;x
1694;74;2;255;NAME;x
1695;75;2;255;NAME;x
1696;76;2;255;NAME;x
1697;77;2;255;NAME;x
1698;78;2;255;NAME;x
1699;79;2;255;NAME;x
1700;80;2;255;NAME;x
1701;81;2;255;NAME;x
1702;82;2;255;NAME;x
1703;83;2;255;NAME;x
1704;84;2;255;NAME;x
1705;85;2;255;NAME;x
1706;86;2;255;NAME;x
1707;87;2;255;NAME;x
1708;88;2;255;NAME;x
1709;89;2;255;NAME;x
1710;90;2;255;NAME;x
1711;91;2;255;NAME;x
1712;92;2;255;NAME;x
1713;93;2;255;NAME;x
1714;94;2;255;NAME;x
1715;95;2;255;NAME;x
1716;96;2;255;NAME;x
1717;97;2;255;NAME;x
1718;98;2;255;NAME;x
1719;99;2;255;NAME;x
1720;100;2;255;NAME;x
1721;101;2;255;NAME;x
1722;102;2;255;NAME;x
1723;103;2;255;NAME;x
1724;104;2;255;NAME;x
1725;105;2;255;NAME;x
1726;106;2;255;NAME;x
1727;107;2;255;NAME;x
1728;108;2;255;NAME;x
1729;109;2;255;NAME;x
1730;110;2;255;NAME;x
1731;111;2;255;NAME;x
1732;112;2;255;NAME;x
1733;113;2;255;NAME;x
1734;114;2;255;NAME;x
1735;115;2;255;NAME;x
1736;116;2;255;NAME;x
1737;117;2;255;NAME;x
1738;118;2;255;NAME;x
1739;119;2;255;NAME;x
1740;120;2;255;NAME;x
1741;121;2;255;NAME;x
1742;122;2;255;NAME;x
1743;123;2;255;NAME;x
1744;124;2;255;NAME;x
1745;125;2;255;NAME;x
1746;126;2;255;NAME;x
1747;127;2;255;NAME;x
1748;128;2;255;NAME;x
1749;129;2;255;NAME;x
1750;130;2;255;NAME;x
1751;131;2;255;NAME;x
1752;132;2;255;NAME;x
1753;133;2;255;NAME;x
1754;134;2;255;NAME;x
1755;135;2;255;NAME;x
1756;136;2;255;NAME;x
1757;137;2;255;NAME;x
1758;138;2;255;NAME;x
1759;139;2;255;NAME;x
1760;140;2;255;NAME;x
1761;141;2;255;NAME;x
1762;142;2;255;NAME;x
1763;143;2;255;NAME;x
1764;144;2;255;NAME;x
1765;145;2;255;NAME;x
1766;146;2;255;NAME;x
1767;147;2;255;NAME;x
1768;148;2;255;NAME;x
1769;149;2;255;NAME;x
1770;150;2;255;NAME;x
1771;151;2;255;NAME;x
1772;152;2;255;NAME;x
1773;153;2;255;NAME;x
1774;154;2;255;NAME;x
1775;155;2;255;NAME;x
1776;156;2;255;NAME;x
1777;157;2;255;NAME;x
1778;158;2;255;NAME;x
1779;159;2;255;NAME;x
1780;160;2;255;NAME;x
1781;161;2;255;NAME;x
1782;162;2;255;NAME;x
1783;163;2;255;NAME;x
1784;164;2;255;NAME;x
1785;165;2;255;NAME;x
1786;166;2;255;NAME;x
1787;167;2;255;NAME;x
1788;168;2;255;NAME;x
1789;169;2;255;NAME;x
1790;170;2;255;NAME;x
1791;171;2;255;NAME;x
1792;172;2;255;NAME;x
1793;173;2;255;NAME;x
1794;174;2;255;NAME;x
1795;175;2;255;NAME;x
1796;176;2;255;NAME;x
1797;177;2;255;NAME;x
1798;178;2;255;NAME;x
1799;179;2;255;NAME;x
1800;180;2;255;NAME;x
1801;181;2;255;NAME;x
1802;182;2;255;NAME;x
1803;183;2;255;NAME;x
1804;184;2;255;NAME;x
1805;185;2;255;NAME;x
1806;186;2;255;NAME;x
1807;187;2;255;NAME;x
1808;188;2;255;NAME;x
1809;189;2;255;NAME;x
1810;190;2;255;NAME;x
1811;191;2;255;NAME;x
1812;192;2;255;NAME;x
1813;193;2;255;NAME;x
1814;194;2;255;NAME;x
1815;195;2;255;NAME;x
1816;196;2;255;NAME;x
1817;197;2;255;NAME;x
1818;198;2;255;NAME;x
1819;199;2;255;NAME;x
1820;200;2;255;NAME;x
1821;201;2;255;NAME;x
1822;202;2;255;NAME;x
1823;203;2;255;NAME;x
1824;204;2;255;NAME;x
1825;205;2;255;NAME;x
1826;206;2;255;NAME;x
1827;207;2;255;NAME;x
1828;208;2;255;NAME;x
1829;209;2;255;NAME;x
1830;210;2;255;NAME;x
1831;211;2;255;NAME;x
1832;212;2;255;NAME;x
1833;213;2;255;NAME;x
1834;214;2;255;NAME;x
1835;215;2;255;NAME;x
1836;216;2;255;NAME;x
1837;217;2;255;NAME;x
1838;218;2;255;NAME;x
1839;219;2;255;NAME;x
1840;220;2;255;NAME;x
1841;221;2;255;NAME;x
1842;222;2;255;NAME;x
1843;223;2;255;NAME;x
1844;224;2;255;NAME;x
1845;225;2;255;NAME;x
1846;226;2;255;NAME;x
1847;227;2;255;NAME;x
1848;228;2;255;NAME;x
1849;229;2;255;NAME;x
1850;230;2;255;NAME;x
1851;231;2;255;NAME;x
1852;232;2;255;NAME;x
1853;233;2;255;NAME;x
1854;234;2;255;NAME;x
1855;235;2;255;NAME;x
1856;236;2;255;NAME;x
1857;237;2;255;NAME;x
1858;238;2;255;NAME;x
1859;239;2;255;NAME;x
1860;240;2;255;NAME;x
1861;241;2;255;NAME;x
1862;242;2;255;NAME;x
1863;243;2;255;NAME;x
1864;244;2;255;NAME;x
1865;245;2;255;NAME;x
1866;246;2;255;NAME;x
1867;247;2;255;NAME;x
1868;248;2;255;NAME;x
1869;249;2;255;NAME;x
1870;250;2;255;NAME;x
1871;251;2;255;NAME;x
1872;252;2;255;NAME;x
1873;253;2;255;NAME;x
1874;254;2;255;NAME;x
1875;255;2;255;NAME;x
1876;2;3;255;NAME;x
1877;3;3;255;NAME;x
1878;4;3;255;NAME;x
1879;5;3;255;NAME;x
1880;6;3;255;NAME;x
1881;7;3;255;NAME;x
1882;8;3;255;NAME;x
1883;9;3;255;NAME;x
1884;10;3;255;NAME;x
1885;11;3;255;NAME;x
1886;12;3;255;NAME;x
1887;13;3;255;NAME;x
1888;14;3;255;NAME;x
1889;15;3;255;NAME;x
1890;16;3;255;NAME;x
1891;17;3;255;NAME;x
1892;18;3;255;NAME;x
1893;19;3;255;NAME;x
1894;20;3;255;NAME;x
1895;21;3;255;NAME;x
1896;22;3;255;NAME;x
1897;23;3;255;NAME;x
1898;24;3;255;NAME;x
1899;25;3;255;NAME;x
1900;26;3;255;NAME;x
1901;27;3;255;NAME;x
1902;28;3;255;NAME;x
1903;29;3;255;NAME;x
1904;30;3;255;NAME;x
1905;31;3;255;NAME;x
1906;32;3;255;NAME;x
1907;33;3;255;NAME;x
1908;34;3;255;NAME;x
1909;35;3;255;NAME;x
1910;36;3;255;NAME;x
1911;37;3;255;NAME;x
1912;38;3;255;NAME;x
1913;39;3;255;NAME;x
1914;40;3;255;NAME;x
1915;41;3;255;NAME;x
1916;42;3;255;NAME;x
1917;43;3;255;NAME;x
1918;44;3;255;NAME;x
1919;45;3;255;NAME;x
1920;46;3;255;NAME;x
1921;47;3;255;NAME;x
1922;48;3;255;NAME;x
1923;49;3;255;NAME;x
1924;50;3;255;NAME;x
1925;51;3;255;NAME;x
1926;52;3;255;NAME;x
1927;53;3;255;NAME;x
1928;54;3;255;NAME;x
1929;55;3;255;NAME;x
1930;56;3;255;NAME;x
1931;57;3;255;NAME;x
1932;58;3;255;NAME;x
1933;59;3;255;NAME;x
1934;60;3;255;NAME;x
1935;61;3;255;NAME;x
1936;62;3;255;NAME;x
1937;63;3;255;NAME;x
1938;64;3;255;NAME;x
1939;65;3;255;NAME;x
1940;66;3;255;NAME;x
1941;67;3;255;NAME;x
1942;68;3;255;NAME;x
1943;69;3;255;NAME;x
1944;70;3;255;NAME;x
1945;71;3;255;NAME;x
1946;72;3;255;NAME;x
1947;73;3;255;NAME;x
1948;74;3;255;NAME;x
1949;75;3;255;NAME;x
1950;76;3;255;NAME;x
1951;77;3;255;NAME;x
1952;78;3;255;NAME;x
1953;79;3;255;NAME;x
1954;80;3;255;NAME;x
1955;81;3;255;NAME;x
1956;82;3;255;NAME;x
1957;83;3;255;NAME;x
1958;84;3;255;NAME;x
1959;85;3;255;NAME;x
1960;86;3;255;NAME;x
1961;87;3;255;NAME;x
1962;88;3;255;NAME;x
1963;89;3;255;NAME;x
1964;90;3;255;NAME;x
1965;91;3;255;NAME;x
1966;92;3;255;NAME;x
1967;93;3;255;NAME;x
1968;94;3;255;NAME;x
1969;95;3;255;NAME;x
1970;96;3;255;NAME;x
1971;97;3;255;NAME;x
1972;98;3;255;NAME;x
1973;99;3;255;NAME;x
1974;100;3;255;NAME;x
1975;101;3;255;NAME;x
1976;102;3;255;NAME;x
1977;103;3;255;NAME;x
1978;104;3;255;NAME;x
1979;105;3;255;NAME;x
1980;106;3;255;NAME;x
1981;107;3;255;NAME;x
1982;108;3;255;NAME;x
1983;109;3;255;NAME;x
1984;110;3;255;NAME;x
1985;111;3;255;NAME;x
1986;112;3;255;NAME;x
1987;113;3;255;NAME;x
1988;114;3;255;NAME;x
1989;115;3;255;NAME;x
1990;116;3;255;NAME;x
1991;117;3;255;NAME;x
1992;118;3;255;NAME;x
1993;119;3;255;NAME;x
1994;120;3;255;NAME;x
1995;121;3;255;NAME;x
1996;122;3;255;NAME;x
1997;123;3;255;NAME;x
1998;124;3;255;NAME;x
1999;125;3;255;NAME;x
2000;127;3;255;NAME;x
2001;128;3;255;NAME;x
2002;129;3;255;NAME;x
2003;130;3;255;NAME;x
2004;131;3;255;NAME;x
2005;132;3;255;NAME;x
2006;133;3;255;NAME;x
2007;134;3;255;NAME;x
2008;135;3;255;NAME;x
2009;136;3;255;NAME;x
2010;137;3;255;NAME;x
2011;138;3;255;NAME;x
2012;139;3;255;NAME;x
2013;140;3;255;NAME;x
2014;141;3;255;NAME;x
2015;142;3;255;NAME;x
2016;143;3;255;NAME;x
2017;144;3;255;NAME;x
2018;145;3;255;NAME;x
2019;146;3;255;NAME;x
2020;147;3;255;NAME;x
2021;148;3;255;NAME;x
2022;149;3;255;NAME;x
2023;150;3;255;NAME;x
2024;151;3;255;NAME;x
2025;152;3;255;NAME;x
2026;153;3;255;NAME;x
2027;154;3;255;NAME;x
2028;155;3;255;NAME;x
2029;156;3;255;NAME;x
2030;157;3;255;NAME;x
2031;158;3;255;NAME;x
2032;159;3;255;NAME;x
2033;160;3;255;NAME;x
2034;162;3;255;NAME;x
2035;163;3;255;NAME;x
2036;164;3;255;NAME;x
2037;165;3;255;NAME;x
2038;166;3;255;NAME;x
2039;167;3;255;NAME;x
2040;168;3;255;NAME;x
2041;169;3;255;NAME;x
2042;170;3;255;NAME;x
2043;171;3;255;NAME;x
2044;172;3;255;NAME;x
2045;173;3;255;NAME;x
2046;174;3;255;NAME;x
2047;175;3;255;NAME;x
2048;176;3;255;NAME;x
2049;177;3;255;NAME;x
2050;178;3;255;NAME;x
2051;179;3;255;NAME;x
2052;180;3;255;NAME;x
2053;181;3;255;NAME;x
2054;182;3;255;NAME;x
2055;183;3;255;NAME;x
2056;184;3;255;NAME;x
2057;185;3;255;NAME;x
2058;186;3;255;NAME;x
2059;187;3;255;NAME;x
2060;188;3;255;NAME;x
2061;189;3;255;NAME;x
2062;190;3;255;NAME;x
2063;191;3;255;NAME;x
2064;192;3;255;NAME;x
2065;193;3;255;NAME;x
2066;194;3;255;NAME;x
2067;195;3;255;NAME;x
2068;196;3;255;NAME;x
2069;197;3;255;NAME;x
2070;198;3;255;NAME;x
2071;199;3;255;NAME;x
2072;200;3;255;NAME;x
2073;201;3;255;NAME;x
2074;202;3;255;NAME;x
2075;203;3;255;NAME;x
2076;204;3;255;NAME;x
2077;205;3;255;NAME;x
2078;206;3;255;NAME;x
2079;207;3;255;NAME;x
2080;208;3;255;NAME;x
2081;209;3;255;NAME;x
2082;210;3;255;NAME;x
2083;211;3;255;NAME;x
2084;212;3;255;NAME;x
2085;213;3;255;NAME;x
2086;214;3;255;NAME;x
2087;215;3;255;NAME;x
2088;216;3;255;NAME;x
2089;217;3;255;NAME;x
2090;218;3;255;NAME;x
2091;219;3;255;NAME;x
2092;220;3;255;NAME;x
2093;221;3;255;NAME;x
2094;223;3;255;NAME;x
2095;224;3;255;NAME;x
2096;225;3;255;NAME;x
2097;226;3;255;NAME;x
2098;227;3;255;NAME;x
2099;228;3;255;NAME;x
2100;229;3;255;NAME;x
2101;230;3;255;NAME;x
2102;231;3;255;NAME;x
2103;232;3;255;NAME;x
2104;233;3;255;NAME;x
2105;234;3;255;NAME;x
2106;235;3;255;NAME;x
2107;236;3;255;NAME;x
2108;237;3;255;NAME;x
2109;238;3;255;NAME;x
2110;239;3;255;NAME;x
2111;240;3;255;NAME;x
2112;241;3;255;NAME;x
2113;242;3;255;NAME;x
2114;243;3;255;NAME;x
2115;244;3;255;NAME;x
2116;245;3;255;NAME;x
2117;246;3;255;NAME;x
2118;247;3;255;NAME;x
2119;248;3;255;NAME;x
2120;249;3;255;NAME;x
2121;250;3;255;NAME;x
2122;251;3;255;NAME;x
2123;252;3;255;NAME;x
2124;253;3;255;NAME;x
2125;254;3;255;NAME;x
2126;255;3;255;NAME;x
2127;2;4;255;NAME;x
2128;3;4;255;NAME;x
2129;4;4;255;NAME;x
2130;5;4;255;NAME;x
2131;6;4;255;NAME;x
2132;7;4;255;NAME;x
2133;8;4;255;NAME;x
2134;9;4;255;NAME;x
2135;10;4;255;NAME;x
2136;11;4;255;NAME;x
2137;12;4;255;NAME;x
2138;13;4;255;NAME;x
2139;14;4;255;NAME;x
2140;15;4;255;NAME;x
2141;16;4;255;NAME;x
2142;17;4;255;NAME;x
2143;18;4;255;NAME;x
2144;19;4;255;NAME;x
2145;20;4;255;NAME;x
2146;21;4;255;NAME;x
2147;22;4;255;NAME;x
2148;23;4;255;NAME;x
2149;24;4;255;NAME;x
2150;25;4;255;NAME;x
2151;26;4;255;NAME;x
2152;27;4;255;NAME;x
2153;28;4;255;NAME;x
2154;29;4;255;NAME;x
2155;30;4;255;NAME;x
2156;31;4;255;NAME;x
2157;32;4;255;NAME;x
2158;33;4;255;NAME;x
2159;34;4;255;NAME;x
2160;35;4;255;NAME;x
2161;36;4;255;NAME;x
2162;37;4;255;NAME;x
2163;38;4;255;NAME;x
2164;39;4;255;NAME;x
2165;40;4;255;NAME;x
2166;41;4;255;NAME;x
2167;42;4;255;NAME;x
2168;43;4;255;NAME;x
2169;44;4;255;NAME;x
2170;45;4;255;NAME;x
2171;46;4;255;NAME;x
2172;47;4;255;NAME;x
2173;48;4;255;NAME;x
2174;49;4;255;NAME;x
2175;50;4;255;NAME;x
2176;51;4;255;NAME;x
2177;52;4;255;NAME;x
2178;53;4;255;NAME;x
2179;54;4;255;NAME;x
2180;55;4;255;NAME;x
2181;56;4;255;NAME;x
2182;57;4;255;NAME;x
2183;58;4;255;NAME;x
2184;59;4;255;NAME;x
2185;60;4;255;NAME;x
2186;61;4;255;NAME;x
2187;62;4;255;NAME;x
2188;63;4;255;NAME;x
2189;64;4;255;NAME;x
2190;65;4;255;NAME;x
2191;66;4;255;NAME;x
2192;67;4;255;NAME;x
2193;68;4;255;NAME;x
2194;69;4;255;NAME;x
2195;70;4;255;NAME;x
2196;71;4;255;NAME;x
2197;72;4;255;NAME;x
2198;73;4;255;NAME;x
2199;74;4;255;NAME;x
2200;75;4;255;NAME;x
2201;76;4;255;NAME;x
2202;77;4;255;NAME;x
2203;78;4;255;NAME;x
2204;79;4;255;NAME;x
2205;80;4;255;NAME;x
2206;81;4;255;NAME;x
2207;82;4;255;NAME;x
2208;83;4;255;NAME;x
2209;84;4;255;NAME;x
2210;85;4;255;NAME;x
2211;86;4;255;NAME;x
2212;87;4;255;NAME;x
2213;88;4;255;NAME;x
2214;89;4;255;NAME;x
2215;90;4;255;NAME;x
2216;91;4;255;NAME;x
2217;92;4;255;NAME;x
2218;93;4;255;NAME;x
2219;94;4;255;NAME;x
2220;95;4;255;NAME;x
2221;96;4;255;NAME;x
2222;97;4;255;NAME;x
2223;98;4;255;NAME;x
2224;99;4;255;NAME;x
2225;100;4;255;NAME;x
2226;101;4;255;NAME;x
2227;102;4;255;NAME;x
2228;103;4;255;NAME;x
2229;104;4;255;NAME;x
2230;105;4;255;NAME;x
2231;106;4;255;NAME;x
2232;107;4;255;NAME;x
2233;108;4;255;NAME;x
2234;109;4;255;NAME;x
2235;110;4;255;NAME;x
2236;111;4;255;NAME;x
2237;112;4;255;NAME;x
2238;113;4;255;NAME;x
2239;114;4;255;NAME;x
2240;115;4;255;NAME;x
2241;116;4;255;NAME;x
2242;117;4;255;NAME;x
2243;118;4;255;NAME;x
2244;119;4;255;NAME;x
2245;120;4;255;NAME;x
2246;121;4;255;NAME;x
2247;122;4;255;NAME;x
2248;123;4;255;NAME;x
2249;124;4;255;NAME;x
2250;125;4;255;NAME;x
2251;126;4;255;NAME;x
2252;127;4;255;NAME;x
2253;128;4;255;NAME;x
2254;129;4;255;NAME;x
2255;130;4;255;NAME;x
2256;131;4;255;NAME;x
2257;132;4;255;NAME;x
2258;134;4;255;NAME;x
2259;135;4;255;NAME;x
2260;136;4;255;NAME;x
2261;137;4;255;NAME;x
2262;138;4;255;NAME;x
2263;140;4;255;NAME;x
2264;141;4;255;NAME;x
2265;142;4;255;NAME;x
2266;143;4;255;NAME;x
2267;144;4;255;NAME;x
2268;145;4;255;NAME;x
2269;146;4;255;NAME;x
2270;147;4;255;NAME;x
2271;148;4;255;NAME;x
2272;149;4;255;NAME;x
2273;150;4;255;NAME;x
2274;151;4;255;NAME;x
2275;152;4;255;NAME;x
2276;153;4;255;NAME;x
2277;154;4;255;NAME;x
2278;155;4;255;NAME;x
2279;156;4;255;NAME;x
2280;157;4;255;NAME;x
2281;158;4;255;NAME;x
2282;159;4;255;NAME;x
2283;160;4;255;NAME;x
2284;161;4;255;NAME;x
2285;162;4;255;NAME;x
2286;163;4;255;NAME;x
2287;164;4;255;NAME;x
2288;165;4;255;NAME;x
2289;167;4;255;NAME;x
2290;168;4;255;NAME;x
2291;169;4;255;NAME;x
2292;170;4;255;NAME;x
2293;171;4;255;NAME;x
2294;172;4;255;NAME;x
2295;173;4;255;NAME;x
2296;174;4;255;NAME;x
2297;175;4;255;NAME;x
2298;176;4;255;NAME;x
2299;177;4;255;NAME;x
2300;178;4;255;NAME;x
2301;179;4;255;NAME;x
2302;180;4;255;NAME;x
2303;182;4;255;NAME;x
2304;183;4;255;NAME;x
2305;184;4;255;NAME;x
2306;185;4;255;NAME;x
2307;186;4;255;NAME;x
2308;187;4;255;NAME;x
2309;188;4;255;NAME;x
2310;189;4;255;NAME;x
2311;190;4;255;NAME;x
2312;191;4;255;NAME;x
2313;192;4;255;NAME;x
2314;193;4;255;NAME;x
2315;194;4;255;NAME;x
2316;195;4;255;NAME;x
2317;196;4;255;NAME;x
2318;197;4;255;NAME;x
2319;198;4;255;NAME;x
2320;199;4;255;NAME;x
2321;200;4;255;NAME;x
2322;201;4;255;NAME;x
2323;202;4;255;NAME;x
2324;203;4;255;NAME;x
2325;204;4;255;NAME;x
2326;205;4;255;NAME;x
2327;206;4;255;NAME;x
2328;207;4;255;NAME;x
2329;208;4;255;NAME;x
2330;209;4;255;NAME;x
2331;210;4;255;NAME;x
2332;211;4;255;NAME;x
2333;212;4;255;NAME;x
2334;213;4;255;NAME;x
2335;214;4;255;NAME;x
2336;215;4;255;NAME;x
2337;216;4;255;NAME;x
2338;217;4;255;NAME;x
2339;218;4;255;NAME;x
2340;219;4;255;NAME;x
2341;220;4;255;NAME;x
2342;221;4;255;NAME;x
2343;222;4;255;NAME;x
2344;223;4;255;NAME;x
2345;224;4;255;NAME;x
2346;225;4;255;NAME;x
2347;227;4;255;NAME;x
2348;228;4;255;NAME;x
2349;229;4;255;NAME;x
2350;230;4;255;NAME;x
2351;231;4;255;NAME;x
2352;232;4;255;NAME;x
2353;233;4;255;NAME;x
2354;234;4;255;NAME;x
2355;235;4;255;NAME;x
2356;236;4;255;NAME;x
2357;237;4;255;NAME;x
2358;238;4;255;NAME;x
2359;239;4;255;NAME;x
2360;240;4;255;NAME;x
2361;241;4;255;NAME;x
2362;242;4;255;NAME;x
2363;243;4;255;NAME;x
2364;244;4;255;NAME;x
2365;245;4;255;NAME;x
2366;246;4;255;NAME;x
2367;247;4;255;NAME;x
2368;248;4;255;NAME;x
2369;250;4;255;NAME;x
2370;251;4;255;NAME;x
2371;252;4;255;NAME;x
2372;253;4;255;NAME;x
2373;254;4;255;NAME;x
2374;255;4;255;NAME;x
2375;2;5;255;NAME;x
2376;3;5;255;NAME;x
2377;4;5;255;NAME;x
2378;5;5;255;NAME;x
2379;6;5;255;NAME;x
2380;8;5;255;NAME;x
2381;9;5;255;NAME;x
2382;10;5;255;NAME;x
2383;11;5;255;NAME;x
2384;12;5;255;NAME;x
2385;13;5;255;NAME;x
2386;14;5;255;NAME;x
2387;15;5;255;NAME;x
2388;16;5;255;NAME;x
2389;17;5;255;NAME;x
2390;19;5;255;NAME;x
2391;20;5;255;NAME;x
2392;21;5;255;NAME;x
2393;22;5;255;NAME;x
2394;23;5;255;NAME;x
2395;24;5;255;NAME;x
2396;25;5;255;NAME;x
2397;27;5;255;NAME;x
2398;28;5;255;NAME;x
2399;29;5;255;NAME;x
2400;30;5;255;NAME;x
2401;31;5;255;NAME;x
2402;32;5;255;NAME;x
2403;33;5;255;NAME;x
2404;34;5;255;NAME;x
2405;35;5;255;NAME;x
2406;36;5;255;NAME;x
2407;37;5;255;NAME;x
2408;38;5;255;NAME;x
2409;39;5;255;NAME;x
2410;40;5;255;NAME;x
2411;41;5;255;NAME;x
2412;43;5;255;NAME;x
2413;44;5;255;NAME;x
2414;45;5;255;NAME;x
2415;46;5;255;NAME;x
2416;47;5;255;NAME;x
2417;48;5;255;NAME;x
2418;49;5;255;NAME;x
2419;50;5;255;NAME;x
2420;51;5;255;NAME;x
2421;52;5;255;NAME;x
2422;53;5;255;NAME;x
2423;54;5;255;NAME;x
2424;55;5;255;NAME;x
2425;56;5;255;NAME;x
2426;57;5;255;NAME;x
2427;58;5;255;NAME;x
2428;59;5;255;NAME;x
2429;60;5;255;NAME;x
2430;61;5;255;NAME;x
2431;62;5;255;NAME;x
2432;63;5;255;NAME;x
2433;64;5;255;NAME;x
2434;65;5;255;NAME;x
2435;66;5;255;NAME;x
2436;67;5;255;NAME;x
2437;68;5;255;NAME;x
2438;69;5;255;NAME;x
2439;70;5;255;NAME;x
2440;71;5;255;NAME;x
2441;73;5;255;NAME;x
2442;74;5;255;NAME;x
2443;75;5;255;NAME;x
2444;76;5;255;NAME;x
2445;77;5;255;NAME;x
2446;78;5;255;NAME;x
2447;79;5;255;NAME;x
2448;80;5;255;NAME;x
2449;81;5;255;NAME;x
2450;82;5;255;NAME;x
2451;83;5;255;NAME;x
2452;84;5;255;NAME;x
2453;85;5;255;NAME;x
2454;87;5;255;NAME;x
2455;88;5;255;NAME;x
2456;89;5;255;NAME;x
2457;126;109;204;NAME;x
2458;247;112;204;NAME;x
2459;131;40;204;NAME;x
2460;178;87;204;NAME;x
2461;236;235;204;NAME;x
2462;172;27;204;NAME;x
2463;167;134;204;NAME;x
2464;187;92;204;NAME;x
2465;193;99;204;NAME;x
2466;247;130;204;NAME;x
2467;218;44;204;NAME;x
2468;93;164;204;NAME;x
2469;49;161;204;NAME;x
2470;50;229;204;NAME;x
2471;174;222;204;NAME;x
2472;6;213;204;NAME;x
2473;30;35;204;NAME;x
2474;247;138;204;NAME;x
2475;136;205;204;NAME;x
2476;30;149;204;NAME;x
2477;49;242;204;NAME;x
2478;118;71;204;NAME;x
2479;12;163;204;NAME;x
2480;143;64;204;NAME;x
2481;30;139;204;NAME;x
2482;215;228;204;NAME;x
2483;216;198;204;NAME;x
2484;149;252;204;NAME;x
2485;56;165;204;NAME;x
2486;231;82;204;NAME;x
2487;31;220;204;NAME;x
2488;55;214;204;NAME;x
